UserTags,TimeStamps,Tweets,Replies,Retweets,Likes
"Black Lives Matter (BLM)
@Blklivesmatter
·
Nov 15, 2024",2024-11-15T05:45:49.000Z,"Our favorite part about Twitter, post-Trump, is seeing all the people who visit our page just to declare that we’re “irrelevant” or “over.”

If you’re following us, commenting, or engaging with the largest Black-led abolitionist organization, it’s clear we’re still very relevant",1.9K,133,535
"Black Lives Matter (BLM)
@Blklivesmatter
·
3h",2025-03-28T04:09:21.000Z,"This is what a government on autopilot looks like. Thirsty for clicks and focused on nothing serious. This is embarrassing.

Imagine representing the highest office in the world and still chasing clout like a desperate influencer. Beyond cringe.",25,26,129
"Black Lives Matter (BLM)
@Blklivesmatter
·
Mar 25",2025-03-25T19:07:42.000Z,"SAY IT LOUD! Everything we fight for is for our little ones. Black children, playful, unafraid, standing in their joy. When we hold them close, when we build a community that loves them back, they rise!",16,13,67
"Marie’s daughter
@j0vintage
·
Mar 14",2025-03-14T11:29:59.000Z,wants to change the District of Columbia to district of America bc he said Washington DC is no where near Columbia. Y’all..I’m so tired of that stupid bitch.,191,5.2K,50K
"Black Lives Matter (BLM)
@Blklivesmatter
·
Mar 15",2025-03-15T01:10:40.000Z,Capitulation Chuck,16,6,29
"Black Lives Matter (BLM)
@Blklivesmatter
·
Mar 15",2025-03-14T23:42:43.000Z,"They didn’t vote right, they voted white:

Chuck Schumer
John Fetterman
Brian Schatz
Dick Durbin
Gary Peters
Angus King
Jean Shaheen
Maggie Hassan
Kirsten Gillibrand
Catherine Cortez Masto",78,90,349
"Black Lives Matter (BLM)
@Blklivesmatter
·
Mar 15",2025-03-14T23:36:29.000Z,Now you see exactly what we mean when we say both Democrats and Republicans are complicit. Neither party is built for us.,26,19,75
"Black Lives Matter (BLM)
@Blklivesmatter
·
Mar 15",2025-03-14T22:36:28.000Z,"Under 
@SenSchumer
’s leadership, a handful of Senate Democrats just teamed up with Republicans to hand the Trump administration a blank check.

No restraints, no oversight, no accountability. They just fueled the chaos.

This is what betrayal looks like.",16,30,80
"Black Lives Matter (BLM)
@Blklivesmatter
·
Mar 12",2025-03-12T14:19:01.000Z,Correct.,43,29,150
"Black Lives Matter (BLM)
@Blklivesmatter
·
Mar 11",2025-03-11T00:44:59.000Z,Painting over a street won’t change a damn thing.,1.3K,200,227
"Rachel Cohen
@rmc031
·
Mar 10",2025-03-10T04:08:05.000Z,"not mentioned in any of the news write-ups I've seen so far about Mahmoud Khalil's staggering arrest (New York Times, Reuters, AP, ABC, Time, NBC) is any mention of ""Project Esther"" — the Heritage Foundation's plan released in October calling for exactly this type of action",30,416,1.3K
"Dream Defenders
@Dreamdefenders
·
Mar 10",2025-03-10T14:13:07.000Z,Florida girlies to the world!,10,4,18
"Black Lives Matter (BLM)
@Blklivesmatter
·
Mar 10",2025-03-10T16:34:22.000Z,"Well, this is true.",21,10,50
"Black Lives Matter (BLM)
@Blklivesmatter
·
Mar 10",2025-03-10T15:42:13.000Z,"You have the audacity to support the abduction of Mahmoud Khalil but lacked the courage to hold Elon accountable for his Nazi salute?

You are fake. It is completely asinine to back the incarceration of a legal resident for exercising free speech.

Mahmoud Khalil has not been",62,13,76
"Samuel Sinyangwe
@samswey
·
Mar 7",2025-03-07T17:26:59.000Z,"A billionaire just exploded a missile over Florida that is 10x larger than an ICBM, putting commercial aircraft at risk and raining hazardous material all over the Caribbean. No criminal charges filed.",2.4K,16K,75K
"philip lewis
@Phil_Lewis_
·
Mar 7",2025-03-07T18:51:07.000Z,"D’Wayne Wiggins, founding member of Tony! Toni! Toné!, has died, according to family",314,7.1K,19K
"Black Lives Matter (BLM)
@Blklivesmatter
·
Mar 5",2025-03-05T17:54:01.000Z,"Black Lives Matter yesterday, today, tomorrow, always. You can’t erase us. You tried already......... and failed.",82,72,249
"Black Lives Matter (BLM)
@Blklivesmatter
·
Mar 5",2025-03-05T17:53:04.000Z,"They can whitewash our murals, but they can’t erase our history. Black Lives Matter Plaza is a permanent reminder of what they’re scared of and we’re not backing down.",31,35,128
"Black Lives Matter (BLM)
@Blklivesmatter
·
Mar 5",2025-03-05T17:51:02.000Z,"They love “small government” until it’s time to control D.C. They’re silencing over 700,000 Black and Brown voices. If they can take this, they’ll take everything. Next stop: Everything representing Blackness in your city.",23,30,69
"Black Lives Matter (BLM)
@Blklivesmatter
·
Mar 5",2025-03-05T17:49:44.000Z,"First, they attacked critical race theory. Then, they banned books. Then DEI, Now they’re erasing Black Lives Matter Plaza. Big mistake. You can’t erase truth. Republicans hate that they have to walk past it. Hate that it reminds them of our power.",51,50,137
"Black Lives Matter (BLM)
@Blklivesmatter
·
Mar 5",2025-03-04T23:30:37.000Z,"At this point, he is practically begging for people to protest so he can take the next steps of his authoritarian regime.",60,33,120
"Black Lives Matter (BLM)
@Blklivesmatter
·
Mar 4",2025-03-04T19:34:36.000Z,"12-18 years old in a cage. Forced to fight for the amusement of 30 probation officers. Turning kids into gladiators.  Humiliated for sport. This is the system. This is how they treat our children.

If this happened in another country, the US would call it a human rights",12,35,83
"Jasmine Crockett
@JasmineForUS
·
Mar 4",2025-03-04T14:04:27.000Z,"Tonight, I encourage you all to turn OFF the State of the DisUnion & instead tune into the 24 hour State of The People which is currently streaming! 

If you want truth, this is where you will find it!

Finally, as I’m still unsure about my attendance tonight, I must say that I",12K,7.2K,23K
"Black Lives Matter (BLM)
@Blklivesmatter
·
Mar 4",2025-03-04T19:10:24.000Z,"READ IT FOR YOURSELVES 

Imagine losing somebody to police violence, then finding out the cop who did it already had a record. This database was supposed to stop that. Now it’s gone.

A cop can kill you today and get a badge in another city tomorrow.",8,10,28
"Black Lives Matter (BLM)
@Blklivesmatter
·
Mar 2",2025-03-02T20:32:55.000Z,"“A woman in the Black Panther Party was a soldier, the same as a man; we had no women’s section.” — Elaine Brown

82 years of power. 82 years of vision. 82 years of establishing revolution, where Black people stand in their full dignity. As the first and only woman to chair the",34,42,119
"Black Lives Matter (BLM)
@Blklivesmatter
·
Feb 25",2025-02-25T05:52:03.000Z,"Here are just some of the huge mistakes that DOGE has already made:
￼
-Pushed a website live to track ""savings"" that showed no savings for several days, and made it trivially easy for random people on the internet to make changes to it. 

-Published classified information on",5,4,8
"Black Lives Matter (BLM)
@Blklivesmatter
·
Feb 25",2025-02-25T05:52:03.000Z,"Only white men like Trump and Elon could weaponize their incompetence and fail upwards.

Besides the fact that nothing this administration is doing makes sense, it’s clear that this is not for the people's good. This is to further an agenda of hate, discrimination, and racism.",11,2,16
"Black Lives Matter (BLM)
@Blklivesmatter
·
Feb 25",2025-02-25T04:29:55.000Z,"Good job, y’all",12,14,79
"Black Lives Matter (BLM)
@Blklivesmatter
·
Feb 24",2025-02-24T06:16:42.000Z,"MSNBC’s decision to remove Joy Reid, our direct connection to the pulse of our communities, was a regressive move.

For Black audiences, she was a trusted voice who brought our stories, perspectives, and urgent issues to the forefront. Her absence leaves a void in representation",65,55,140
"Spencer Althouse
@SpencerAlthouse
·
Feb 24",2025-02-24T02:13:21.000Z,"Empathy is not weak or ""woke."" And, by the way, ""woke"" just means you give a damn about other people.""

—Jane Fonda accepting her SAG Lifetime Achievement Award",2.5K,15K,86K
"Vanessa Jaye
@vanessajaye
·
Feb 22",2025-02-22T02:18:43.000Z,His breath control is insane.,252,5.9K,42K
"Black Lives Matter (BLM)
@Blklivesmatter
·
Feb 23",2025-02-23T16:36:05.000Z,You can’t fight what you don’t understand. Study. Learn. Organize.,24,36,102
"Maxwell Alejandro Frost
@MaxwellFrostFL
·
Feb 22",2025-02-22T14:51:18.000Z,Cause he’s fucking crazy.,2.1K,6.6K,121K
"philip lewis
@Phil_Lewis_
·
Feb 22",2025-02-22T15:58:11.000Z,"After nearly three decades in prison, Robert Johnson is finally free after a judge vacated his 1996 murder conviction

His cousin showed him how to use a laptop, he hugged his 92-year-old grandmother, and played his first video games since the 90s:",36,1.3K,7.1K
"Eylon Levy
@EylonALevy
·
Feb 22",2025-02-22T09:44:55.000Z,"After 3,821 days in Hamas captivity, Avera Mengistu is free.",20,65,463
"Black Lives Matter (BLM)
@Blklivesmatter
·
Feb 22",2025-02-22T09:22:06.000Z,righteousness is measured by how we treat the least powerful,18,22,80
"AMERICAN BLACK FILM FESTIVAL
@ABFF
·
Feb 19",2025-02-19T19:32:07.000Z,"Aaron Pierre…that’s Mufasa 

Our live band, and attendees all joined in on this amazing moment, recognizing our rising star.

#abffhonors #abffhonors2025 #cadillac #Ally #aaronpierre #Mufasa",8,77,498
"Black Lives Matter (BLM)
@Blklivesmatter
·
Feb 20",2025-02-20T13:21:09.000Z,"Enslaved Africans braided seeds into their hair, carrying the future with them when everything else was stolen. Maroons built free settlements in the swamps and mountains, growing their own food so no empire could control them. The Black Panthers fed tens of thousands of children",21,27,110
"Black Lives Matter (BLM)
@Blklivesmatter
·
Feb 19",2025-02-19T17:08:37.000Z,Everything you love about America is because of Black people,98,123,523
"Black Lives Matter (BLM)
@Blklivesmatter
·
Feb 18",2025-02-18T08:28:11.000Z,"Today, February 17th, is the birthdate of Huey P. Newton, Co-Founder, Chief Ideologue and Leader of the Black Panther Party.  We who believe in Black Liberation celebrate his life!  We continue to hold up the banner of the Panther until we’re free.  We must.
 
Through words and",18,26,85
"Black Lives Matter (BLM)
@Blklivesmatter
·
Feb 17",2025-02-17T01:15:07.000Z,Corporations and the government have always operated as two sides of the same coin.,12,8,48
"Black Lives Matter (BLM)
@Blklivesmatter
·
Feb 17",2025-02-17T00:43:22.000Z,"Claudia Jones was a warrior for the people, a radical thinker who built power where there was none. She didn’t wait for a seat at the table—she built her own. From the streets to the press, from revolution to carnival, she turned culture into both a weapon and a celebration. Her",6,19,42
"Black Lives Matter (BLM)
@Blklivesmatter
·
Feb 16",2025-02-16T17:06:24.000Z,“Wake the hell up”,15,16,45
"#StopCopCity
@micahinATL
·
Feb 14",2025-02-14T20:17:30.000Z,"Cool tactic from the campaign to stop a new $500 million federal prison from being built in Eastern KY –– a coalition recently purchased a huge chunk of land where the prison is supposed to be built, and plans to reintroduce native species to the area.",12,417,1.1K
"Black Lives Matter (BLM)
@Blklivesmatter
·
Feb 15",2025-02-15T00:33:51.000Z,Angels from heaven,9,16,61
"Black Lives Matter (BLM)
@Blklivesmatter
·
Feb 12",2025-02-11T21:56:53.000Z,"If you haven’t caught on yet, here’s a hint: The selective outrage over the Super Bowl halftime show isn’t about the performance itself. It’s about what Kendrick, Serena, Samuel, and others all have in common.

It starts with a B and ends with a K.",88,40,177
"Black Lives Matter (BLM)
@Blklivesmatter
·
Feb 10",2025-02-10T05:50:41.000Z,the kids are saying don’t update your iPhone. just passing the message along.,16,11,76
"Black Lives Matter (BLM)
@Blklivesmatter
·
Feb 10",2025-02-10T01:39:52.000Z,MUSTARDDDDDDD,15,64,575
"Black Lives Matter (BLM)
@Blklivesmatter
·
Feb 10",2025-02-10T01:35:46.000Z,Better days comin’ for sure,22,29,180
"Black Lives Matter (BLM)
@Blklivesmatter
·
Feb 8",2025-02-08T07:57:22.000Z,"Freedom is not a gift from the oppressor. It must be taken.” – Kwame Nkrumah

Black futures aren’t just imagined; they’re built. Kwame Nkrumah didn’t ask for permission. He took the first step, and his vision set a continent free.

A THREAD! ",20,9,25
"Black Lives Matter (BLM)
@Blklivesmatter
·
Feb 8",2025-02-08T07:57:24.000Z,"From Accra to the diaspora, the fight for self-determination continues.

The question isn’t whether liberation is possible, it’s how will we build on it?",3,1,10
"Black Lives Matter (BLM)
@Blklivesmatter
·
Feb 8",2025-02-08T07:57:25.000Z,"Black liberation doesn’t happen by waiting, it happens by taking what’s ours.

The revolution is ours to continue. Forward ever, backward never.",6,1,9
"Nina Turner
@ninaturner
·
Feb 8",2025-02-07T23:28:41.000Z,"Sandra Bland should have turned 38 years old today. She should be around family and friends. 

Instead, her life was stolen.

Rest In Power, soror ",50,475,2.8K
"Black Lives Matter (BLM)
@Blklivesmatter
·
Feb 7",2025-02-07T06:11:27.000Z,"While Democrats are stuck litigating the last election, Elon Musk and his crew of twenty somethings are out here rewiring the global order like it’s a weekend hackathon.",32,12,51
"Black Lives Matter (BLM)
@Blklivesmatter
·
Feb 6",2025-02-06T20:55:11.000Z,Black joy is a strategy.,30,13,57
"People's Television
@peoplesTV
·
Feb 6",2025-02-06T19:31:28.000Z," Black History Month honors the past while shaping the future 

Food is history on a plate—a story of resilience, community, and self-expression 

In this 
@Blklivesmatter
  limited series, we produced, a James Beard Award-winning writer explores how food connects us to our",9,3,9
"Black Lives Matter (BLM)
@Blklivesmatter
·
Feb 6",2025-02-06T12:28:00.000Z,"Share this with a Black woman who is worthy of being celebrated today. 

(Song by Lord Vizion)",16,11,34
"Natasha Rothwell
@natasharothwell
·
Feb 4",2025-02-04T19:01:50.000Z,"This is hard to comprehend… My heart is aches for the cast, crew and writers who gave their all to tell this story. I’m so grateful to have had this opportunity, and appreciate all of the love and support. Hopefully this news will be a comma in the HTDA story, not a period.",852,6.1K,31K
"Black Lives Matter (BLM)
@Blklivesmatter
·
Feb 5",2025-02-05T06:36:11.000Z,"Sometimes we forget that we are among the first generations of Black people who were not born into legal slavery or segregation. For centuries, Black communities have been enslaved, displaced, and restricted, but also resistant, self-determined, and visionary. The progress we see",19,19,70
"Black Lives Matter (BLM)
@Blklivesmatter
·
Feb 5",2025-02-05T06:36:29.000Z,Credit: Reubenrenoi TT & TikTok carolsinfantcare,2,,3
"Black Lives Matter (BLM)
@Blklivesmatter
·
Feb 3",2025-02-03T18:41:17.000Z,"FYI, the largest Black Lives Matter protests happened in 2020 during Trump’s presidency, but your letter falsely implies they occurred under Biden.

More importantly, conflating BLM protests with violence or using them as political ammunition misrepresents the purpose of our",25,13,47
"Black Lives Matter (BLM)
@Blklivesmatter
·
Feb 3",2025-02-03T18:19:15.000Z,lolz she was a vibeee,3,1,14
"Get Free
@getfree_mvmt
·
Feb 3",2025-02-03T14:25:37.000Z,"HAPPENING NOW: members of Get Free are blocking traffic in front of the Office of Management and Budget (OMB), the main agency where the Trump Administration and its billionaire backers like Elon Musk have been spearheading efforts to implement MAGA’s Project 2025 agenda.",12,28,65
"Black Lives Matter (BLM)
@Blklivesmatter
·
Feb 3",2025-02-03T18:13:36.000Z,"In cases of robbery or harm, communities can invest in alternatives like unarmed crisis response teams, restorative justice programs, and emergency services focused on deescalation and support. For example, in Eugene, Oregon, the CAHOOTS program has handled thousands of mental",27,13,26
"Black Lives Matter (BLM)
@Blklivesmatter
·
Feb 3",2025-02-03T18:09:56.000Z,"Since they’re in the mood for abolishing federal agencies, let’s discuss abolishing federal law enforcement agencies. Abolition opens the door to real safety and community-led solutions.",30,12,50
"Black Lives Matter (BLM)
@Blklivesmatter
·
Feb 3",2025-02-03T09:31:04.000Z,Our creativity is our inheritance and our weapon.,13,9,55
"Black Lives Matter (BLM)
@Blklivesmatter
·
Feb 3",2025-02-03T05:06:38.000Z,"Don't allow don't allow anybody to project any stereotypes on you that tell you that you can't be here, that you're too dark, or that you're not smart enough, or that you're too dramatic, or you're too loud. You are exactly who you need to be. —Doechii",27,66,312
"Black Lives Matter (BLM)
@Blklivesmatter
·
Feb 1",2025-02-01T02:15:09.000Z,Pay attention,23,98,422
"Black Lives Matter (BLM)
@Blklivesmatter
·
Feb 1",2025-02-01T01:19:41.000Z,"Given how much time you spend attacking others, it’s hardly surprising you’re now facing the same hostility yourself",9,5,35
"Black Lives Matter (BLM)
@Blklivesmatter
·
Feb 1",2025-02-01T01:08:50.000Z,"We paint, write, sing, and dance our liberation into existence.",23,17,95
"Black Lives Matter (BLM)
@Blklivesmatter
·
Feb 1",2025-01-31T21:20:01.000Z,"We don’t jump just because Democrats say so.

For over a decade, we’ve been pushing the Democratic Party—especially our Black leaders—to listen to us. We’ve demanded, organized, and fought for policies that would tangibly improve our communities. Time and again, they have not",15,16,44
"Black Lives Matter (BLM)
@Blklivesmatter
·
Jan 31",2025-01-31T17:00:25.000Z,"“There’s never been a time where Black liberation has not been connected to art.” 
@Cicley_Gay",2,3,10
"Black Lives Matter (BLM)
@Blklivesmatter
·
Jan 31",2025-01-31T07:50:50.000Z,"when we say “Black Lives Matter,” we are not asking for a gift.

we are not timidly knocking on the door of the world’s conscience, hoping for a morsel of respect.

we are announcing an unshakable truth:
the suffering in Black communities is not an unfortunate reality. it is the",37,30,118
"Black Lives Matter (BLM)
@Blklivesmatter
·
Jan 30",2025-01-30T20:30:13.000Z,"When we care for each other, we win.",25,54,197
"Black Lives Matter (BLM)
@Blklivesmatter
·
Jan 30",2025-01-30T19:06:56.000Z,"JD Vance wants us to believe white people were shut out of the aviation industry because of racial discrimination.

Framing white Americans as victims of systemic racism ignores the reality of a society structured around their advantage.

Next, they’ll tell us gravity is biased",42,68,161
"Democracy Docket
@DemocracyDocket
·
Jan 30",2025-01-30T18:28:18.000Z,"BREAKING: In a victory for voters, New York appeals court overturns a lower court's ruling that struck down the state's Voting Rights Act. More to come.",4,119,358
"Black Lives Matter (BLM)
@Blklivesmatter
·
Jan 30",2025-01-30T17:18:10.000Z,What a profoundly dumb thing to say.,35,38,218
"Barack Obama
@BarackObama
·
Jan 30",2025-01-30T14:32:21.000Z,"Our hearts break for the families who lost loved ones in the tragic plane and helicopter crash at DCA. Michelle and I send our prayers and condolences to everyone who is mourning today, and we’re grateful to the first responders who are doing everything they can to help under",9.6K,33K,418K
"Black Lives Matter (BLM)
@Blklivesmatter
·
Jan 30",2025-01-30T01:06:29.000Z,"It literally says “Executive Office of the President” at the top.

Are you suggesting that Donald is no longer the president and that someone like… Elon has taken over?",15,8,31
"Black Lives Matter (BLM)
@Blklivesmatter
·
Jan 27",2025-01-27T03:56:59.000Z,"In other words, her constituents were blowing up her district phones nonstop lol",34,6,47
"Black Lives Matter (BLM)
@Blklivesmatter
·
Jan 27",2025-01-27T03:00:40.000Z,"Target lit up their HQ for George Floyd, Ahmaud Arbery, and Breonna Taylor in 2020 and made promises in their names. Promises to fight for equity. Promises to invest in Black lives.

Now, in 2025, they’re cutting every program they said would honor those lives. 

This is proof",86,61,118
"Akilah Hughes
@AkilahObviously
·
Jan 26",2025-01-26T18:26:11.000Z,"DEI only existed because white people were racist. They had the opportunity to hire based on merit, and they hired their unqualified white friends every time. 

DEI isn’t racism. It’s a solution to historical racism.",8.2K,25K,173K
"Black Lives Matter (BLM)
@Blklivesmatter
·
Jan 26",2025-01-26T04:26:52.000Z,"Because she’s part of an administration that pretends to be colorblind, which makes it hard to celebrate important achievements like this.",86,44,357
"Black Lives Matter (BLM)
@Blklivesmatter
·
Jan 24",2025-01-24T01:56:46.000Z,"A quick reminder for anyone feeling emboldened to clutter our page with foolishness: at the moment, the “B” in BLM stands for “Block.” We won’t hesitate to block you and your nonsense.",151,22,103
"Black Lives Matter (BLM)
@Blklivesmatter
·
Jan 24",2025-01-24T01:44:41.000Z,"we’re not here to beg for a seat at a table that was never built for us. we’re here to build our own table, and feed our people with real justice and real liberation.",819,116,331
"Black Lives Matter (BLM)
@Blklivesmatter
·
Jan 23",2025-01-23T00:36:44.000Z,"Looks like this is affecting multiple progressive organizations, including us.",50,55,264
"MASTER STUDENT
@MUSICANDBUILDS
·
Jan 22",2025-01-22T00:11:24.000Z,"ADL made 21 savage apologize
Made Lebron apologize
Made Michael Jackson apologize
Made Kanye apologize
Made kyrie apologize 
Made Desean Jackson apologize
Made Whoopi Goldberg apologize
They Went after Candace Owens
Said she was anti Semite of the year
 etc

But when Elon Musk",756,8.3K,49K
"Black Lives Matter (BLM)
@Blklivesmatter
·
Jan 22",2025-01-22T06:16:36.000Z,"When the police start throwing shade at both parties, it’s not a sign of balance, it’s a sign they’re losing their grip. 

The days of untouchable reverence for law enforcement are fading, and they know it. Power doesn’t question both sides unless it’s on the ropes.",21,15,58
"Black Lives Matter (BLM)
@Blklivesmatter
·
Jan 18",2025-01-18T00:04:58.000Z,"From the ashes of Black neighborhoods in California to the shattered streets of Gaza, a powerful rebuilding effort is underway—led by resilient people who refuse to let destruction, be it by flames, bullets, or bombs, have the final say.",156,21,41
"Scott Hechinger
@ScottHech
·
Dec 26, 2024",2024-12-26T16:09:40.000Z,"No party more gutless than the Dems. No politician more gutless than NY 
@GovKathyHochul
. We all too often give our Dem leaders a pass in blue states while attacking GOP in red. 

NY Gov just *vetoed* bills that would’ve restored voting rights & protected reproductive rights.",55,122,296
"Black Lives Matter (BLM)
@Blklivesmatter
·
Dec 27, 2024",2024-12-27T17:01:47.000Z,"Deputy Joseph Benza pleaded guilty to brutally assaulting Emmett Brock, a transgender man, during a traffic stop. No one should face this kind of violence.",63,27,55
"Black Lives Matter (BLM)
@Blklivesmatter
·
Dec 27, 2024",2024-12-27T04:57:03.000Z,Correct. The answer is simple: abolish the agency. Now do you see why we say abolish the police?,60,14,115
"Black Lives Matter (BLM)
@Blklivesmatter
·
Dec 27, 2024",2024-12-27T04:48:23.000Z,"Watching MAGA Twitter erupt over immigration, which has long enriched America’s ‘diversity’ and ‘inclusion,’ has truly been a sight to behold.",81,27,100
"Black Lives Matter (BLM)
@Blklivesmatter
·
Dec 24, 2024",2024-12-24T03:07:33.000Z,Power to the people!,78,38,123
"Marc Delucchi
@maddelucchi
·
Dec 23, 2024",2024-12-22T22:42:56.000Z,"Just to be clear, the NYPD's massive presence on the subway didn't:
1. prevent a woman from being set on fire. 
2. identify the person who did it. 
3. didn't stop the fire. (note that video shows an NYPD officer walking by the woman while she is still moving)",93,7.5K,35K
"Equal Justice Initiative
@eji_org
·
Dec 23, 2024",2024-12-23T13:10:33.000Z,This morning President Joe Biden commuted the death sentences of 37 of the 40 people facing execution by the federal government. This historic commutation marks what could become a turning point in the history of capital punishment in the United States.,24,110,247
"Black Lives Matter (BLM)
@Blklivesmatter
·
Dec 20, 2024",2024-12-19T22:41:21.000Z,This is copaganda at its peak.,25,23,132
"Black Lives Matter (BLM)
@Blklivesmatter
·
Dec 18, 2024",2024-12-18T02:04:39.000Z,The Lockdown That Never Lifted,29,9,29
"Black Lives Matter (BLM)
@Blklivesmatter
·
Dec 19, 2024",2024-12-19T02:08:06.000Z,"This story about Marcus is fictional. But the system it exposes is already here.

Drones, surveillance, and autonomous policing raise real questions:
-Who’s being watched?
-Who decides how this tech is deployed?
-How do we stop it from becoming a tool of control and harm?
-Who",5,8,13
"Black Lives Matter (BLM)
@Blklivesmatter
·
Dec 18, 2024",2024-12-18T02:50:17.000Z,https://x.com/blklivesmatter/status/1869202085285388299?s=46…,63,8,18
"Black Lives Matter (BLM)
@Blklivesmatter
·
Dec 18, 2024",2024-12-18T02:09:48.000Z,https://x.com/blklivesmatter/status/1869202085285388299?s=46…,29,4,10
"Black Lives Matter (BLM)
@Blklivesmatter
·
Dec 18, 2024",2024-12-18T02:05:25.000Z,"A week later, a neighbor got fined for stopping to talk to someone outside her building. Another person got flagged for “loitering” after waiting too long at a bus stop.

The drones weren’t just watching anymore. They were deciding.

Soon, the sky felt different. Where it had",24,1,2
"Black Lives Matter (BLM)
@Blklivesmatter
·
Dec 18, 2024",2024-12-18T02:05:26.000Z,"The news kept repeating the same line: “This is temporary. It’s for your safety.” But Marcus noticed the drones stayed longer in certain neighborhoods—his neighborhood—while other parts of the city barely saw them at all.

“They’re just being careful,” his friend told him. Marcus",3,1,2
"Black Lives Matter (BLM)
@Blklivesmatter
·
Dec 13, 2024",2024-12-12T22:17:11.000Z,"Our first post with a community note. 

FYI, when someone is celebrated as a hero for taking a life, that recognition is a reward. It sends a clear message: some lives are valued, while others are disposable.

We refuse to accept a system that rewards harm and erases humanity.",998,98,297
"Black Lives Matter (BLM)
@Blklivesmatter
·
Dec 13, 2024",2024-12-12T22:05:48.000Z,"If only the same care was taken for Black people killed by police. Instead, their images are exploited and dehumanized. 

For us, it’s always exposure.",162,11,55
"Black Lives Matter (BLM)
@Blklivesmatter
·
Dec 11, 2024",2024-12-11T05:22:28.000Z,#BlackLivesMatter,297,54,95
"Black Lives Matter (BLM)
@Blklivesmatter
·
Dec 11, 2024",2024-12-11T00:10:30.000Z,Always remember: the police have a well-documented record of dishonesty and manipulation.,1.6K,156,206
"Black Lives Matter (BLM)
@Blklivesmatter
·
Dec 10, 2024",2024-12-10T15:33:31.000Z,"We never left.

We’ve always been here, working in ways that go far beyond protests—creating change in policy, building and healing communities, shaping Black futures and culture, and uplifting Black joy every single day.

What have you done in the last four years other than",4K,341,457
"Black Lives Matter (BLM)
@Blklivesmatter
·
Dec 10, 2024",2024-12-09T23:28:32.000Z,"We need a world where empathy replaces fear, where compassion replaces violence, and where no one’s humanity is up for debate.

Jordan Neely deserved more. His life, like all Black lives, held infinite worth. We honor him by refusing to accept a system that turns away from those",8.9K,923,711
"Black Lives Matter (BLM)
@Blklivesmatter
·
Dec 8, 2024",2024-12-08T02:58:35.000Z,"The Governor of New York, Kathy Hochul, apparently believes Black children don’t even know the word “computer.”

One can only imagine her views on the entire continent of Africa.",421,19,84
"Black Lives Matter (BLM)
@Blklivesmatter
·
Dec 8, 2024",2024-12-08T01:46:04.000Z,"Not true. But hey, thanks for the inspiration…adding it to Monday’s team meeting agenda. 

Funny how misinformation can spark great ideas!",947,104,332
"Jon Cooper
@joncoopertweets
·
Dec 1, 2024",2024-12-01T14:12:59.000Z,Isn’t it funny how the media suddenly stopped talking about high food and gas prices; soaring crime in the suburbs; the migrant invasion; and immigrants eating dogs and cats?,1.4K,4.4K,18K
"ryan
@scubaryan_
·
Dec 1, 2024",2024-11-30T23:08:44.000Z,"Kai Cenat’s legendary Mafiathon 2 has officially ended.

here are some of the most viral moments ",537,13K,279K
"Black Lives Matter (BLM)
@Blklivesmatter
·
Nov 30, 2024",2024-11-30T14:37:28.000Z,"Agreed. 

Many BLM organizations have been “debanked” or denied access to banking services for political reasons.

It should be illegal.",47,10,61
"Black Lives Matter (BLM)
@Blklivesmatter
·
Nov 30, 2024",2024-11-30T05:00:48.000Z,"Another thing that is inevitable:

One day, many people like you may face the reality of fleeing quickly as climate disasters make parts of the world unlivable. Rising seas threaten coastal areas like Florida and Bangladesh, while droughts devastate farmland across Africa and",33,16,44
"Black Lives Matter (BLM)
@Blklivesmatter
·
Nov 30, 2024",2024-11-30T04:28:43.000Z,"If a country has the power to destabilize others through war, exploitation, or harmful policies, then migrants have every right to move freely to seek safety and opportunity. Borders shouldn’t be tools to deny people the chance to survive the harm they didn’t create.",29,13,57
"Black Lives Matter (BLM)
@Blklivesmatter
·
Nov 30, 2024",2024-11-30T04:15:25.000Z,"In a system that already fails to protect lives through police violence, systemic racism, and poor healthcare, legalizing assisted suicide creates serious risks. It introduces a framework where vulnerable people could feel pressured to choose death because they lack access to the",19,10,60
"Black Lives Matter (BLM)
@Blklivesmatter
·
Nov 30, 2024",2024-11-30T02:22:32.000Z,"Immigration policies that force people to give up their culture or fit into a narrow idea of what’s acceptable are unfair and harmful. Instead of punishing people for looking for safety or a better life, we should focus on the bigger issues that force them to leave their homes,",31,21,67
"Black Lives Matter (BLM)
@Blklivesmatter
·
Nov 28, 2024",2024-11-28T09:12:26.000Z,Definitely dressing! And we always have to add that extra layer of explanation so folks know it’s not salad dressing. ,12,4,40
"Black Lives Matter (BLM)
@Blklivesmatter
·
Nov 28, 2024",2024-11-28T08:52:54.000Z,well well well…,12,24,150
"J. Cole
@JColeNC
·
Nov 28, 2024",2024-11-28T02:10:04.000Z,"This is a very special moment for me. Been waiting patiently for this day, like a lot of yall have. I wanna say Thank you to everybody out there that kept these projects alive, even during all the years they were not on streaming services, especially this project right here.",1.6K,21K,77K
"Black Lives Matter (BLM)
@Blklivesmatter
·
Nov 25, 2024",2024-11-25T04:59:22.000Z,"Most people around the world just want the basics & a common sense approach to the issues we face—better schools, affordable healthcare, safe neighborhoods, and real opportunities to build a good life. It’s not too much to ask; it’s what we all deserve.",20,29,125
"Black Lives Matter (BLM)
@Blklivesmatter
·
Nov 25, 2024",2024-11-25T00:22:51.000Z,Black Art Matters,22,51,276
"Black Lives Matter (BLM)
@Blklivesmatter
·
Nov 23, 2024",2024-11-23T18:50:21.000Z,the only difference between democrats and republicans on police violence,42,24,84
"chu
@THEHORRORGOTH
·
Nov 23, 2024",2024-11-22T21:18:56.000Z,Sade just released new music  dedicated to her trans son Izaak ,142,7.5K,63K
"Randi Weingarten
@rweingarten
·
Nov 23, 2024",2024-11-23T03:27:39.000Z,It is significant that the Pres-elect  nominated  Rep. Chavez-DeRemer for Labor. Her record suggests real support of workers  &  their right to unionize. I hope it means the Trump admin will actually respect collective bargaining and workers' voices from Teamsters to teachers.,,101,133
"Black Lives Matter (BLM)
@Blklivesmatter
·
Nov 23, 2024",2024-11-23T02:02:42.000Z,"Scott is the only Black nominee in Trump’s Cabinet so far…no surprise there. 

His administration is on track to be the least diverse in modern history, but MAGA supporters won’t care (watch the comments prove it)",73,11,48
"Black Lives Matter (BLM)
@Blklivesmatter
·
Nov 23, 2024",2024-11-23T01:49:19.000Z,"can’t believe outing people is still a thing. we love you 
@thegreatkhalid
 ",4,4,31
"Black Lives Matter (BLM)
@Blklivesmatter
·
Nov 22, 2024",2024-11-22T19:43:17.000Z,Agreed. Just tell your boss it’s a 45-minute team-building exercise with Kendrick as the facilitator.,3,4,41
"Black Lives Matter (BLM)
@Blklivesmatter
·
Nov 22, 2024",2024-11-22T17:23:17.000Z,"GNX! thanks 
@kendricklamar",3,4,41
"Black Lives Matter (BLM)
@Blklivesmatter
·
Nov 22, 2024",2024-11-22T15:35:20.000Z,Racism still exists. Pass it on.,205,221,694
"Black Lives Matter (BLM)
@Blklivesmatter
·
Nov 22, 2024",2024-11-22T05:02:06.000Z,"Who are the real terrorists? The politicians in the U.S. Congress supporting H.R. 9495.

Instead of trying to pass a bill designed to suppress dissent and silence accountability, they should look in the mirror and see how their actions terrorize people worldwide.

 They spend",7,16,58
"Black Lives Matter (BLM)
@Blklivesmatter
·
Nov 20, 2024",2024-11-20T20:52:47.000Z,you da best ,2,,15
"Black Lives Matter (BLM)
@Blklivesmatter
·
Nov 20, 2024",2024-11-20T20:47:38.000Z,"We understand why many people are choosing to leave Twitter, and we respect those decisions.

But we’re staying.

Throughout Black history, we haven’t had the privilege of walking away when things got uncomfortable or inconvenient. We’ve had to coexist with some of the most",22,35,165
"Ro Khanna
@RoKhanna
·
Nov 20, 2024",2024-11-20T18:33:49.000Z,"Want to cut the federal budget? Let's start with our nearly $1 trillion defense budget, which is loaded with wasteful spending that benefits legacy defense contractors. $4,361 for a half-inch metal pin doesn’t make America safe.",169,264,1.8K
"U.S. Postal Service
@USPS
·
Nov 19, 2024",2024-11-19T17:00:39.000Z,On the route we all fam,857,3.4K,38K
"Kalan Hooks
@KalanHookstv
·
Nov 17, 2024",2024-11-17T02:33:53.000Z,"Jackson State’s Sonic Boom of the South played a rendition of Tyler, the Creator’s “Sticky” featuring GloRilla, Sexyy Red and Lil Wayne in the fifth quarter against Alabama State:

(h/t: 
@ShowtimeWeb
)",138,9.6K,73K
"Black Lives Matter (BLM)
@Blklivesmatter
·
Nov 20, 2024",2024-11-20T12:12:45.000Z,"Las Vegas Police shot Brandon Durham 6 times. 

Las Vegas Police shot Brandon Durham 6 times. 

Las Vegas Police shot Brandon Durham 6 times. 

Las Vegas Police shot Brandon Durham 6 times.",8,51,85
"Black Lives Matter (BLM)
@Blklivesmatter
·
Nov 20, 2024",2024-11-20T12:15:19.000Z,"When intruders broke into his home late Tuesday night, Brandon Durham, a Black father, did what we’re told to do: he called 911 to protect his 15 year old daughter. Moments later, he was fighting for their lives, struggling against an intruder wielding a knife. 

When the Las",5,12,25
"Rep. Barbara Lee (Archived)
@RepBarbaraLee
·
Nov 18, 2024",2024-11-18T16:58:02.000Z,"As someone who was unjustly surveilled for activism as a community organizer with the Black Panthers, I stand in solidarity with Malcolm X’s daughters.
 
COINTELPRO devastated Black communities. That’s why I co-lead the COINTELPRO Full Disclosure Act.
 
We need truth and justice.",88,3.4K,16K
"Black Lives Matter (BLM)
@Blklivesmatter
·
Nov 19, 2024",2024-11-19T01:36:01.000Z,"Over the past year, some have been surprised not only by our outspoken critiques of Democrats and Republicans but also by our expanding focus. While we remain committed to confronting the systemic issues that lead to Black death, we are equally focused on creating avenues for",14,10,52
"Black Lives Matter (BLM)
@Blklivesmatter
·
Nov 18, 2024",2024-11-18T08:00:39.000Z,"We must always work, study and struggle for the matter of our people.",8,10,37
"Black Lives Matter (BLM)
@Blklivesmatter
·
Nov 18, 2024",2024-11-18T04:53:24.000Z,"It’s also interesting that some Democrats criticize Robert F. Kennedy Jr.’s nomination as Secretary of Health and Human Services (HHS) due to his lack of a medical degree, despite the current HHS Secretary, Xavier Becerra, also being a lawyer without a medical degree.",48,110,624
"Black Lives Matter (BLM)
@Blklivesmatter
·
Nov 17, 2024",2024-11-17T03:37:46.000Z,Historic win for restorative justice: Palm Springs will pay $5.9M to Black & Latino families displaced in the 1960s when their neighborhood was burned and demolished by the city to force them out. Plus $20M more for housing aid & community initiatives.,11,50,161
"Black Lives Matter (BLM)
@Blklivesmatter
·
Nov 16, 2024",2024-11-16T14:42:52.000Z,"It’s essential that we not conflate identity politics with identity itself. 

Politicians often exploit identity to ostracize or flatter in pursuit of votes, turning it into a tool of division. For regular people, however, identity is about genuine connection—a natural, human way",9,12,30
"Black Lives Matter (BLM)
@Blklivesmatter
·
Nov 16, 2024",2024-11-16T14:27:21.000Z, but fr she was BLOWIN UP our phones,3,5,35
"Shermichael Singleton
@MrShermichael
·
Nov 16, 2024",2024-11-15T22:10:10.000Z,"Personally, I have a ton of issues with the FBI that go beyond my politics. I frankly don’t trust it as an agency because of its history of targeting Black leaders and activists.

This isn’t even about Trump’s potential nominee to me because some things supersede politics. This",278,900,4.9K
"Black Lives Matter (BLM)
@Blklivesmatter
·
Nov 14, 2024",2024-11-14T16:43:39.000Z,Chi for the win!,3,4,15
"Black Lives Matter (BLM)
@Blklivesmatter
·
Nov 14, 2024",2024-11-14T06:30:50.000Z,"He covered up the killing of Laquan McDonald, so that’s a…

Hard no.",8,17,52
"emmy *✧
@livsdreamgirl
·
Nov 14, 2024",2024-11-14T05:41:21.000Z,"i still will NEVER understand how ppl see the words 'black lives matter' and take it as a personal threat.
saying 'black lives matter' isn't saying another race doesn't matter... we're just saying BLACK LIVES MATTER it's not controversial and shouldn't controversial",9,18,132
"Black Lives Matter (BLM)
@Blklivesmatter
·
Nov 14, 2024",2024-11-14T04:17:03.000Z,"To be a Negro in this country and to be relatively conscious is to be in a rage almost all the time.

James Baldwin.",22,32,173
"Black Lives Matter (BLM)
@Blklivesmatter
·
Nov 14, 2024",2024-11-14T01:40:09.000Z,Have there been any Black people nominated to be part of the Trump administration yet?,681,89,229
"Black Lives Matter (BLM)
@Blklivesmatter
·
Nov 14, 2024",2024-11-13T21:36:02.000Z,"This system was never meant to work for us, and it shows in how it functions against us.",30,47,158
"Brandon M. Scott
@MayorBMScott
·
Nov 13, 2024",2024-11-12T23:00:47.000Z,"Today, we celebrated 408 days and counting without a homicide in the Safe Streets Brooklyn catchment zone. This did not happen overnight.",92,2.3K,15K
"Steve Tilley
@s1eve
·
Nov 13, 2024",2024-11-13T09:06:48.000Z,I don’t see eye to eye with BLM on everything but this is wise,2,7,38
"Justice For Greenwood
@Just4Greenwood
·
Nov 10, 2024",2024-11-10T19:22:50.000Z,"Our beloved Lessie Benningfield Randle, one of the two last living survivors of the 1921 Tulsa Race Massacre, turns 110 years old on today, Sunday, Nov. 10. #JusticeforGreenwood",394,6.2K,28K
"Black Lives Matter (BLM)
@Blklivesmatter
·
Nov 13, 2024",2024-11-13T05:53:06.000Z,,16,40,136
"The Associated Press
@AP
·
Nov 12, 2024",2024-11-11T23:20:02.000Z,Harriet Tubman posthumously named a general in Veterans Day ceremony,696,2.9K,9.9K
"Black Lives Matter (BLM)
@Blklivesmatter
·
Nov 8, 2024",2024-11-08T00:24:50.000Z,"For those still pushing this narrative, like 
@bariweiss
, let’s set the record straight:

NO ONE RAN ON DEFUNDING THE POLICE.

Claiming otherwise is misleading. And let’s not forget, BLM ran a very public campaign against Kamala’s appointment after Joe stepped aside.",18,13,97
"Black Lives Matter (BLM)
@Blklivesmatter
·
Nov 8, 2024",2024-11-08T00:48:45.000Z,"Kamala ran as a cop and doubled down on a ‘fund the police’ agenda. Her debut campaign ad proudly boasted about putting thousands more cops on the border.

Bari is part of a coalition with ulterior motives to malign BLM, and they won’t succeed.",3,2,22
"Black Lives Matter (BLM)
@Blklivesmatter
·
Nov 7, 2024",2024-11-07T19:45:30.000Z,why isn’t there similar scrutiny of the 53% of white women and 59% of white men who supported him? https://t.co/J9tCRe6VZH,52,28,198
"Black Lives Matter (BLM)
@Blklivesmatter
·
Nov 7, 2024",2024-11-07T15:42:39.000Z,"still in disbelief about all the political pundits who turned this election into a narrative of Black men hating Black women.

Let’s not go down this road ever again, please.",11,12,97
"Black Lives Matter (BLM)
@Blklivesmatter
·
Nov 7, 2024",2024-11-07T15:12:51.000Z,"Congressman Ritchie Torres is on CNN right now saying Democrats lost the election because of Defund The Police. 

So unserious.",27,15,67
"Black Lives Matter (BLM)
@Blklivesmatter
·
Nov 7, 2024",2024-11-07T13:59:53.000Z,"a quick election reflection: 

we cannot conflate everyday people with the extremism of those who claim to represent them. If we’re serious about achieving liberation and creating space for true accountability and healing, we must move beyond endless division. 

fighting harmful",20,10,64
"Black Lives Matter (BLM)
@Blklivesmatter
·
Nov 7, 2024",2024-11-07T12:08:44.000Z,Black Lives Matter,30,50,271
"Black Lives Matter (BLM)
@Blklivesmatter
·
Nov 7, 2024",2024-11-07T04:46:08.000Z,True,1,4,11
"Black Lives Matter (BLM)
@Blklivesmatter
·
Nov 7, 2024",2024-11-07T04:43:12.000Z,"Three undeniable truths have emerged from the election results:

1.The Democratic Party must undergo a reckoning and a transformative rebrand if it hopes to stay relevant with working-class people. Without a bold shift, its connection with everyday folks will continue to erode.",41,39,149
"Black Lives Matter (BLM)
@Blklivesmatter
·
Nov 7, 2024",2024-11-06T22:21:59.000Z,"For those who keep claiming this marks the beginning of the end of the Trump era and the MAGA movement…

It doesn’t.

Have you factored in Donald Trump Jr.?

We need to organize with the recognition that the stain of MAGA is both deeply rooted and insistent.",58,25,103
"Black Lives Matter (BLM)
@Blklivesmatter
·
Nov 7, 2024",2024-11-06T21:41:33.000Z,"Black women, we love you.",29,113,736
"Black Lives Matter (BLM)
@Blklivesmatter
·
Nov 6, 2024",2024-11-06T15:57:09.000Z,"Disappointment is something we know all too well. It’s been a part of our story for generations, through struggle, betrayal, and hardship. But it’s never been the whole story. Not even close.

Every day, we rise. That’s the true miracle. We take the setbacks and rebuild something",51,52,245
"Dr. Allison Wiltz
@queenie4rmnola
·
Nov 6, 2024",2024-11-06T12:46:54.000Z,"No matter the threat to democracy, their love of white supremacy is greater",21,195,682
"Black Lives Matter (BLM)
@Blklivesmatter
·
Nov 6, 2024",2024-11-06T14:01:01.000Z,"The same people who once worked to destroy BLM will now turn to us, recognizing that we remain a relentless force against Donald Trump and the oppressive systems he embodies.",105,54,228
"Niall Stanage
@NiallStanage
·
Nov 6, 2024",2024-11-06T05:00:58.000Z,"Just now getting a chance to look at the exit polls.

Turns out Harris did just fine with Black voters -- almost identically to Biden in 2020.

But among Latinos, Harris is a mere +8 (53-45) whereas Biden was +33 (65-32) in 2020.",14,120,347
"Black Lives Matter (BLM)
@Blklivesmatter
·
Nov 6, 2024",2024-11-06T07:37:58.000Z,"America is a white dominated country. We didn’t get that apparently. Now we will, we will suffer the hell of all of that yet again.",171,130,702
"Cori Bush
@CoriBush
·
Nov 6, 2024",2024-11-06T04:43:01.000Z,"VICTORY!!  So proud of every organizer & voter who fought to make this happen.

Missourians have spoken loud & clear: abortion care & reproductive freedom are fundamental rights!!",76,736,9K
"Sunrise Movement
@sunrisemvmt
·
Nov 6, 2024",2024-11-06T04:34:47.000Z,"Congratulations to 
@IlhanMN
 on her re-election!

From leading efforts to cut fossil fuel subsidies to expanding electric school buses, she has been a bold leader for climate action.

We're honored to stand with 
@IlhanMN
 in this fight.",30,598,4.1K
"philip lewis
@Phil_Lewis_
·
Nov 6, 2024",2024-11-06T04:18:12.000Z,"Monroe Nichols has become the first Black mayor in the history of Tulsa, Oklahoma: 

https://theblackwallsttimes.com/2024/11/05/tulsa-mayoral-election-results-live-coverage/…",37,2.3K,10K
"Black Lives Matter (BLM)
@Blklivesmatter
·
Nov 6, 2024",2024-11-06T03:47:32.000Z,History!,,19,155
"Black Lives Matter (BLM)
@Blklivesmatter
·
Nov 6, 2024",2024-11-06T03:32:27.000Z,we are Jasmine stans,5,25,260
"Samuel Sinyangwe
@samswey
·
Nov 6, 2024",2024-11-05T23:58:18.000Z,Russia is currently threatening to bomb polling places in America because Black people are turning out to vote. Think about that.,72,1.6K,4.8K
"Black Visions
@BlackVisionsMN
·
Nov 1, 2024",2024-11-01T16:25:42.000Z,"Vote on Tuesday. Come together on Wednesday.

The City of MPLS is attempting to take over George Floyd Square and the GFS community is not about to let that happen!! Come to the Nov. 6th Town Hall and make your voice heard. There are no shortcuts. ""If you want the streets back,",6,7,10
"Alex Vitale
@avitale
·
Oct 31, 2024",2024-10-31T13:49:00.000Z,LA Folks:,2,7,33
"Venus Williams
@Venuseswilliams
·
Nov 1, 2024",2024-10-31T22:04:30.000Z,"30 years ago today, I stepped on the court for my pro debut! ",461,8.5K,78K
"Black Lives Matter (BLM)
@Blklivesmatter
·
Nov 1, 2024",2024-10-31T22:32:39.000Z,,9,10,29
"Black Lives Matter (BLM)
@Blklivesmatter
·
Nov 1, 2024",2024-10-31T21:55:22.000Z,"Just letting you in on a secret: in Trump’s world, Black Lives Matter is seen as the “enemy within.”",160,57,171
"Black Lives Matter (BLM)
@Blklivesmatter
·
Oct 31, 2024",2024-10-31T17:03:49.000Z,Happy Halloween! RIP to the worst monsters out there  ,42,50,102
"Black Lives Matter (BLM)
@Blklivesmatter
·
Oct 31, 2024",2024-10-31T03:45:00.000Z," Temperature check  on the U.S. presidential election?

Who are you voting for?",71,82,77
"Black Lives Matter (BLM)
@Blklivesmatter
·
Oct 31, 2024",2024-10-31T01:46:27.000Z,It is always us. https://x.com/RickyKavin1213/RickyKavin1213/status/1851086715420566000…,3,7,49
"Black Lives Matter (BLM)
@Blklivesmatter
·
Oct 31, 2024",2024-10-30T23:43:05.000Z," We call for a RADICAL reimagining of public education 

Education should prioritize culturally relevant teaching, mental and physical well-being, and family engagement. Instead, we’re seeing book bans and the removal of Black history courses and teachings.

In our education",10,18,38
"Black Lives Matter (BLM)
@Blklivesmatter
·
Oct 28, 2024",2024-10-28T03:01:39.000Z,"Black men, we love you.",109,65,303
"Marc Lamont Hill
@marclamonthill
·
Oct 27, 2024",2024-10-27T16:32:40.000Z,This says more about how little some of y'all understand Black culture than it does Kamala Harris.,1K,1.9K,18K
"Black Lives Matter (BLM)
@Blklivesmatter
·
Oct 25, 2024",2024-10-25T16:46:43.000Z,"Reasons to expand the court: 

: A thread ",29,10,19
"Black Lives Matter (BLM)
@Blklivesmatter
·
Oct 25, 2024",2024-10-25T16:46:45.000Z,"With the conservative majority in the illegitimate Supreme Court, the far-right, white supremacists, and Christian nationalists have chipped away at our rights.",12,5,13
"Black Lives Matter (BLM)
@Blklivesmatter
·
Oct 25, 2024",2024-10-25T16:46:46.000Z,"Black people are already vulnerable to systems woven from white supremacy — as we’ve seen in the climate crisis, healthcare system, abortion care, housing, and just about everything else.",8,3,11
"Black Lives Matter (BLM)
@Blklivesmatter
·
Oct 24, 2024",2024-10-24T15:00:02.000Z,"Did you know that Black people face higher uninsured rates, are more likely to go without health care due to cost, and have a life expectancy nearly five years shorter than white people?

Black people face persistent disparities in health care and health outcomes.

On today’s",35,10,35
"Black Lives Matter (BLM)
@Blklivesmatter
·
Oct 23, 2024",2024-10-23T15:00:03.000Z,"Election Day is under 2 weeks away. 

Get registered, find your polling location, and find other voting resources here:",39,10,20
"Black Lives Matter (BLM)
@Blklivesmatter
·
Oct 23, 2024",2024-10-23T03:38:01.000Z,"How do we ensure that our history isn’t erased? How do we prevent history from repeating itself and ensure that every kid knows the legacy of Black leaders, movements, and power?

Episode 3 of “What Matters” is officially out, and we’re discussing all things education In this",18,9,38
"Black Lives Matter (BLM)
@Blklivesmatter
·
Oct 22, 2024",2024-10-21T21:00:00.000Z,Have you listened to Episodes 1 and 2 of “What Matters” yet?,30,9,20
"Black Lives Matter (BLM)
@Blklivesmatter
·
Oct 22, 2024",2024-10-21T21:01:18.000Z,"In episode 2, we explore the deep economic disparities that persist within Black communities.  Together, we envision a future where Black economic power is restored and financial freedom is achieved through self-determination.",13,3,8
"Black Lives Matter (BLM)
@Blklivesmatter
·
Oct 22, 2024",2024-10-21T21:01:19.000Z,Catch up on the “What Matters” podcast now by visiting https://blacklivesmatter.com/podcast/!,8,,4
"#JoyToThePolls
@JoyToThePolls
·
Oct 16, 2024",2024-10-16T14:11:08.000Z," ATL! We’re throwing a FREE pop-up concert  celebrating #EarlyVoting THIS Sunday 10/20 with 
@maleighzan
 & 
@mrglamrocksoul
 + DJ sets from 
@jayshale_
 @unruely_
 @_altatl
, hosted by 
@GabrielleAmani
 of 
@mefeater
 and 
@WERC_CREW
. RSVP: https://bit.ly/joytothepollsatl1020… #GOTV #Atlanta #GApol",19,12,14
"Black Lives Matter (BLM)
@Blklivesmatter
·
Oct 16, 2024",2024-10-16T02:30:34.000Z,wimp,121,60,499
"theGrio.com
@theGrio
·
Oct 15, 2024",2024-10-15T00:30:01.000Z,"When rapper Plies turns his phone on in his car and hits record, it isn’t to talk about his teeth or dating. Instead, the Florida-born star is dropping insights even some of the best of the nation’s top political strategists.

Read more ",134,639,2.9K
"Black Lives Matter (BLM)
@Blklivesmatter
·
Oct 15, 2024",2024-10-15T19:20:08.000Z,“someone please come get grandpa and take him back to the nursing home”,36,5,44
"CNN
@CNN
·
Oct 15, 2024",2024-10-15T17:42:52.000Z,"Georgia is on pace for record turnout on first day of early voting. State election officials say absentee ballots were not impacted by the hurricanes.

Follow live updates.",434,167,664
"Black Lives Matter (BLM)
@Blklivesmatter
·
Oct 15, 2024",2024-10-15T18:11:27.000Z,"Georgia, early voting starts TODAY. Don’t wait until Election Day when the system will try to silence you. Voting early is how we disrupt and demand change. Get out there and claim your power. #WeMatter #VotingWhileBLACK",45,40,155
"Ed Krassenstein
@EdKrassen
·
Oct 15, 2024",2024-10-15T12:41:54.000Z,"It's pretty simple.  This is the map as it stands today and as it will stand on Election day.

Democrats need 44 more electoral votes to win, and Republicans need 51 more to win.

The gray states below are all of the swing states, and the polls are all within the margin of error",238,95,765
"Black Lives Matter (BLM)
@Blklivesmatter
·
Oct 15, 2024",2024-10-15T17:45:38.000Z,"It’s the same America that denied Black people home loans, blocked access to education, excluded them from federal programs like the GI Bill, and intentionally shut them out of economic opportunities for centuries. Now that Black communities demand reparative justice, it’s",77,29,90
"Black Lives Matter (BLM)
@Blklivesmatter
·
Oct 9, 2024",2024-10-09T01:31:59.000Z,"Here is a list of shelters. Please feel free to share any additional resources that could help. In times like these, our community’s love and support must shine brighter than ever. Together, we keep each other safe.",1,7,16
"Institute for Justice
@IJ
·
Sep 30, 2024",2024-09-30T14:47:35.000Z,"Officers who knowingly and deliberately break the law don’t deserve immunity.

Before the sun rose over Atlanta one morning, Trina Martin, her 7-year-old son Gabe, and her partner Toi Cliatt were jolted awake by the sound of a flashbang grenade exploding in their living room.

It",39,25,72
"Samuel Sinyangwe
@samswey
·
Sep 30, 2024",2024-09-29T21:04:52.000Z,Police spending valuable resources arresting people for “looting” basic food and survival supplies during a natural disaster makes clear that police protect the interests of the ruling class and not what the public actually needs to be safe.,79,1.3K,4.7K
"Congresswoman Ayanna Pressley
@RepPressley
·
Sep 28, 2024",2024-09-28T15:00:00.000Z,"Black girls continue to face criminalization in our schools.

And this powerful but damning new data should motivate Congress to finally act to protect our girls.

We must pass bills like my Ending PUSHOUT Act to create nurturing school environments for all students to thrive.",205,124,429
"Black Lives Matter (BLM)
@Blklivesmatter
·
Sep 28, 2024",2024-09-28T06:38:48.000Z,"We imagine a world beyond policing, where even Black officers like David Lee are no longer part of a system that was never meant to protect them or our communities.",46,9,30
"Black Lives Matter (BLM)
@Blklivesmatter
·
Sep 27, 2024",2024-09-27T20:50:35.000Z,"Shoutout to 
@AsmMiaBonta
 for this crucial bill, now signed into law, allowing political candidates and lawmakers to use campaign funds for personal security. This is especially important for keeping our Black leaders safe. Hoping other states follow California’s lead.",22,3,14
"Juanita Tolliver
@JuanitaTolliver
·
Sep 26, 2024",2024-09-26T18:51:13.000Z,"Check your voter registration status, y'all: http://iwillvote.com",37,3.1K,3.5K
"The Appeal
@theappeal
·
Sep 26, 2024",2024-09-26T11:31:47.000Z,The State of Oklahoma plans to execute Emmanuel Littlejohn this morning even though prosecutors argued another man was the shooter and a state board has recommended the governor spare Littlejohn's life.,33,365,442
"Cori Bush
@CoriBush
·
Sep 26, 2024",2024-09-25T22:01:56.000Z,"Vile, racist, dangerous, & dehumanizing lies like these from any person much less a sitting Member of Congress are despicable.
@RepClayHiggins
 should be censured, and quite frankly, he shouldn’t be a member of Congress.",469,337,2K
"Dr. Omar Suleiman
@omarsuleiman
·
Sep 23, 2024",2024-09-23T04:04:56.000Z,"URGENT: Brother Marcellus Williams is scheduled to be executed this Tuesday, September 24th despite clear and convincing evidence of his innocence. He needs you to act. Call the Office of the Governor of Missouri at 417-373-3400 and urge them to HALT this execution.",368,18K,25K
"Renee
@PettyLupone
·
Sep 21, 2024",2024-09-21T17:49:09.000Z,When I say comedy plays a pivotal role in our political discourse this is what I mean.,239,4K,23K
"ibelight1
@ibelight1
·
Sep 21, 2024",2024-09-21T16:27:00.000Z,I believe you Black Lives Matter! Always helping out the community and a beacon of truth and integrity.,9,2,14
"Good Luck
@angela_ford
·
Sep 21, 2024",2024-09-21T15:48:20.000Z,"Why do black organizations helping black communities scare you all? I never hear this outrage for white organizations helping white people. Why??? Btw, the white is silent.",15,2,29
"F Toxic People
@ftoxicpeople
·
Sep 21, 2024",2024-09-21T16:31:25.000Z,you are making a difference and they don’t like it.,2,2,7
"BizzyMamaOf6
@bizzymamaof6
·
Sep 21, 2024",2024-09-21T16:53:59.000Z,Those who do good deeds always have a slew of haters.  Keep doing what you guys do. So many more people love you than hate you.,3,8,25
"Impressions
@4thViv
·
Sep 21, 2024",2024-09-21T15:37:06.000Z,Racists & compromised Blacks have been lying about #BLM since inception. White fear running rampant.,5,2,20
"Black Lives Matter (BLM)
@Blklivesmatter
·
Sep 21, 2024",2024-09-21T15:34:37.000Z,"You’re spreading lies. BLM has been delivering real results for 11 (not 8) years. Just in the last few years:

•We set up a $500,000 fund to help Black students with college costs.
•We launched a $3 million COVID relief fund, providing $1,000 checks to Black folks who were",80,38,149
"Black Lives Matter (BLM)
@Blklivesmatter
·
Sep 21, 2024",2024-09-21T09:21:18.000Z,"NYPD: Shooting first, thinking never.

The only threat to public safety is the police themselves.",19,13,53
"National Police Accountability Project
@NPAPjustice
·
Sep 20, 2024",2024-09-20T00:49:56.000Z,"Community-based alternatives to policing CAN and DO WORK. When it comes to responding to situations like mental health crises, trained crisis responders are better equipped than armed police officers, who too often escalate a non-violent situation to avoidable harm and death.",5,16,51
"Black Lives Matter (BLM)
@Blklivesmatter
·
Sep 20, 2024",2024-09-19T22:24:13.000Z,heysha ,7,9,51
"Dr. Ufuoma
@ItsUfuoma
·
Sep 18, 2024",2024-09-18T13:03:26.000Z,"I’m thrilled to announce the launch of the Toxic Prisons Mapping Project, Beta - a participatory research initiative to map the environmental hazards faced by prisons, jails, and detention centers. See http://toxicprisons.com &  below",7,128,296
"Angie Jones
@techgirl1908
·
Sep 17, 2024",2024-09-17T00:12:32.000Z,"New Orleans sending Frankie Beverly off like only we can, with a proper 2nd line! RIP to the legend ",65,2.9K,14K
"Democracy Now!
@democracynow
·
Sep 17, 2024",2024-09-17T12:49:11.000Z,"Attacks against critical race theory, Black history, LGBTQ history and other diverse perspectives in education are inherently “anti-democratic,” says Jason Stanley, the author of ""Erasing History: How Fascists Rewrite the Past to Control the Future.”",17,101,198
"BLM Cleveland
@BLM_216
·
Sep 17, 2024",2024-09-17T11:24:00.000Z,"Black Lives Matter protests in 2020 triggered rapid but fleeting decline in subconscious racial bias via 
@psypost",7,7,13
"Black Lives Matter (BLM)
@Blklivesmatter
·
Sep 17, 2024",2024-09-17T12:07:50.000Z,"When you think of BLM, picture a perfect summer day, full of community. 

Think of hope and courage. 

Think of connection and Black people thriving. 

Think of joy and resilience. 

Think of healing and laughter. 

Think of the sweat you wipe from your face after the",23,8,59
"Black Lives Matter (BLM)
@Blklivesmatter
·
Sep 17, 2024",2024-09-17T01:25:21.000Z,"The assassination attempts reflect something that most aren’t willing to admit: even at the highest levels of power, the police state cannot and does not keep anyone safe.",5,6,31
"Black Lives Matter (BLM)
@Blklivesmatter
·
Sep 14, 2024",2024-09-14T18:42:21.000Z,update:,17,28,58
"Black Lives Matter (BLM)
@Blklivesmatter
·
Sep 13, 2024",2024-09-13T18:57:20.000Z,"Javion Magee, a 21-year-old from Chicago, was found hanging from a tree in North Carolina on Wednesday.

We join Javion Magee’s family in demanding answers from the Henderson Police Department and the Vance County Sheriff’s Office.",107,747,1.1K
"belak
@kalebjackson00
·
Sep 10, 2024",2024-09-10T04:56:10.000Z,oh she ate him UP im actually obsessed with her wow,13K,68K,543K
"Black Lives Matter (BLM)
@Blklivesmatter
·
Sep 11, 2024",2024-09-11T04:47:30.000Z,"Today, we linked up with Mont Brown to throw a Block Party, register voters, and watch the presidential debate in one of the most critical states for the 2024 election — Pennsylvania.

Black voters are the engine of radical change. We’re coming to the ballot box to claim our",2,4,19
"Knowa De Baraso
@KnowaDeBaraso
·
Sep 11, 2024",2024-09-11T03:00:35.000Z,BLM is correct as usual.,10,62,687
"Black Lives Matter (BLM)
@Blklivesmatter
·
Sep 11, 2024",2024-09-11T02:57:31.000Z,"Trump sounded like an old, insane drunken man trying to scare little kids.",26,56,316
"NAACP
@NAACP
·
Sep 10, 2024",2024-09-09T22:00:19.000Z,"#RestInPower to the legendary actor James Earl Jones, whose iconic voice and unforgettable performances left a lasting mark on the entertainment world.

We were proud to honor him multiple times as a 
@naacpimageaward
 winner. His contributions to the arts will forever be",42,679,2.7K
"Film Updates
@FilmUpdates
·
Sep 8, 2024",2024-09-08T01:52:34.000Z,"Angela Bassett is finally an Emmy winner.

She wins her first of nine Emmy nominations for Outstanding Narrator.",189,5.6K,55K
"Black Lives Matter (BLM)
@Blklivesmatter
·
Sep 7, 2024",2024-09-07T01:57:36.000Z,"Kamala Harris has yet to weigh in on this issue. However, it’s crucial for her to embrace abolishing qualified immunity, which could immediately quell some of the apprehension surrounding her candidacy from a civil rights perspective. https://t.co/dtj1S6HvMu",41,6,41
"Keri Blakinger
@keribla
·
Sep 6, 2024",2024-09-05T21:47:22.000Z,"A former LA sheriff's deputy was arrested last week on suspicion of kidnapping and sexually assaulting a 14-year-old girl. 

His bond was set at $250k and he was released the same day.",18,241,343
"Black Lives Matter (BLM)
@Blklivesmatter
·
Sep 6, 2024",2024-09-06T06:04:37.000Z,"A Miami judge just let cops off the hook for cracking LaToya Ratlieff’s skull while she was peacefully protesting at a 2020 Black Lives Matter rally. 

They shot her in the face with a foam bullet, and now they will not face any accountability. Why? Because of “qualified",56,119,189
"Black Lives Matter (BLM)
@Blklivesmatter
·
Sep 4, 2024",2024-09-04T11:16:06.000Z,Fox News: committed to taking their viewers off the cliff of reason and straight into the abyss of racism.,35,13,37
"Black Lives Matter (BLM)
@Blklivesmatter
·
Sep 4, 2024",2024-09-04T10:36:54.000Z,,1,7,73
"Auon’tai M. Anderson
@AuontaiAnderson
·
Sep 4, 2024",2024-09-04T01:58:30.000Z,"Today, I attended a press conference at the apartment complexes where national and local media have falsely reported that gangs have taken over. 

Instead, we heard from residents who debunked this narrative and called out the slumlord responsible for forcing them to live in",3,11K,37K
"Black Lives Matter (BLM)
@Blklivesmatter
·
Sep 3, 2024",2024-09-03T17:23:43.000Z,"Judge issues preliminary injunction on Trump campaign use of the song ‘Hold On, I’m Coming’

Thank you 
@IsaacHayes3
 for protecting Black music.",12,13,35
"Black Lives Matter (BLM)
@Blklivesmatter
·
Sep 3, 2024",2024-09-03T17:17:49.000Z,ok but WHERE DO WE SIGN UP TO BE A STUDENT ,7,5,22
"Black Lives Matter (BLM)
@Blklivesmatter
·
Sep 3, 2024",2024-09-03T16:12:07.000Z,,6,19,75
"Nina Turner
@ninaturner
·
Sep 3, 2024",2024-09-03T15:48:45.000Z,"The blueprint to building power in America was drawn by Black liberationists and it’s not limited to electoral politics.

Today, the movement that centers Black liberation will be the movement that makes progress in this country.",26,35,127
"Alex Vitale
@avitale
·
Sep 3, 2024",2024-09-03T15:59:28.000Z,School police do not keep our kids safe.,3,90,222
"Black Lives Matter (BLM)
@Blklivesmatter
·
Sep 2, 2024",2024-09-02T04:38:58.000Z,Did you even try visiting our website or did you just think it was cool to jump on the “release the funds” bandwagon yesterday?,34,12,46
"Black Lives Matter (BLM)
@Blklivesmatter
·
Sep 2, 2024",2024-09-01T22:42:50.000Z,we didn’t think calling for human rights would break the internet,303,273,2.3K
"The Associated Press
@AP
·
Aug 30, 2024",2024-08-30T09:40:04.000Z,"10 years after Ferguson, Black students still are kicked out of school at higher rates",1.7K,533,660
"Ahmed Fouad Alkhatib
@afalkhatib
·
Sep 1, 2024",2024-08-31T23:47:05.000Z,"It shouldn't be controversial to acknowledge that Israeli hostages still held by Hamas should be released & should have never been held this long. I'm glad that Black Lives Matter, which also called for a ceasefire and disarming Bibi's regime, has taken a stance to distance",146,299,2K
"BET
@BET
·
Aug 31, 2024",2024-08-31T15:13:29.000Z,"Rest in Power, Isaac Freeman II aka Fatman Scoop. 

Your booming voice, infectious energy, and legendary presence brought joy and hype to every beat you touched. Thank you for sharing your light with the world and leaving an unforgettable mark on hip-hop and music culture.",71,1.3K,3.1K
"Black Lives Matter (BLM)
@Blklivesmatter
·
Aug 31, 2024",2024-08-31T13:42:11.000Z,"If you are calling for a ceasefire deal or an arms embargo but are upset by any of the tweets below, which have been part of the discussions and frameworks being negotiated, you aren’t serious about ending the violence.",1K,1.1K,1.7K
"Black Lives Matter (BLM)
@Blklivesmatter
·
Aug 31, 2024",2024-08-31T12:34:15.000Z,United States: disarm Benjamin Netanyahu and defund the illegal military occupation.,167,192,885
"Black Lives Matter (BLM)
@Blklivesmatter
·
Aug 31, 2024",2024-08-31T12:16:49.000Z,Israel: stop murdering Palestinians.,139,342,1.7K
"Black Lives Matter (BLM)
@Blklivesmatter
·
Aug 31, 2024",2024-08-31T11:43:27.000Z,"Coco Gauff 

Frances Tiafoe 

Let’s goooo ",4,12,109
"Black Lives Matter (BLM)
@Blklivesmatter
·
Aug 31, 2024",2024-08-31T10:46:14.000Z,Hamas: release the hostages.,3.9K,6.5K,13K
"Aesthetics
@aestheticspost_
·
Aug 30, 2024",2024-08-30T05:50:00.000Z,Arches National Park in Utah,646,11K,130K
"Rossana Rodriguez
@RossanaFor33
·
Aug 31, 2024",2024-08-30T22:24:56.000Z,It’s Fred Hampton’s birthday today and a reminder that solidarity and class struggle are the only way out. We need each other. Thank you Chairman for the revolutionary map. Happy heavenly birthday.,30,396,1.9K
"Black Lives Matter (BLM)
@Blklivesmatter
·
Aug 29, 2024",2024-08-29T20:05:08.000Z,BLM: “BOOOOOOOOOO”,18,4,58
"Black Lives Matter (BLM)
@Blklivesmatter
·
Aug 29, 2024",2024-08-29T17:53:47.000Z,"""BLM, Period"" | 90x60

Acrylic on Canvas

Live painted at/for the 
@blklivesmatter
 booth during Invest Fest by 
@PetieParker",4,5,23
"Keith Boykin
@keithboykin
·
Aug 28, 2024",2024-08-28T00:35:07.000Z,Wow! Voter registration is up 175 percent among young Black women.,310,2K,8K
"Black Lives Matter (BLM)
@Blklivesmatter
·
Aug 28, 2024",2024-08-28T15:35:08.000Z,"Black Lives Matter proudly awarded Elaine Brown $1 million to support the development of this 100% affordable housing community in West Oakland, along with the Black-owned businesses that will help the community thrive.",11,14,34
"Black Lives Matter (BLM)
@Blklivesmatter
·
Aug 28, 2024",2024-08-28T10:39:40.000Z,It’s honestly just pure comedy at this point. ,26,9,62
"Alex Burness
@alex_burness
·
Aug 26, 2024",2024-08-26T18:23:02.000Z,"I cover felony disenfranchisement around the U.S., and have rarely seen something so shocking as what's happening now in Nebraska: 2 state officials overruling lawmakers to rescind the voting rights of tens of thousands of people, weeks before an election.",124,3.1K,4K
"Dapo.
@Dxpo_
·
Aug 26, 2024",2024-08-26T10:53:01.000Z,This is one of the most striking tweets about poverty.,751,65K,269K
"Black Lives Matter (BLM)
@Blklivesmatter
·
Aug 25, 2024",2024-08-25T13:25:14.000Z,A new study finds members of the United States Congress whose families once owned slaves are substantially wealthier than those whose families did not.,32,28,48
"Black Lives Matter (BLM)
@Blklivesmatter
·
Aug 24, 2024",2024-08-24T20:51:34.000Z,Spoken like a true narcissist,8,3,32
"Black Lives Matter (BLM)
@Blklivesmatter
·
Aug 24, 2024",2024-08-24T18:20:12.000Z,"This week, 
@TheDemocrats
 gave a primetime speaking slot to a sheriff—a representative of the very institution that took Sonya Massey’s life just one month ago when she called 911 for help. 

To make it worse, 
@KamalaHarris
 chose to stay silent on police violence and",37,28,99
"Black Lives Matter (BLM)
@Blklivesmatter
·
Aug 24, 2024",2024-08-24T14:53:21.000Z,"Invest Fest x Black Lives Matter 

Meet and Greet",3,4,17
"Black Lives Matter (BLM)
@Blklivesmatter
·
Aug 24, 2024",2024-08-24T11:33:16.000Z,A new Nigeria ,1,,8
"Black Lives Matter (BLM)
@Blklivesmatter
·
Aug 23, 2024",2024-08-23T07:10:01.000Z,"If we wanted to see cops, Republicans, and hear about the military-industrial complex, we would have watched the RNC",76,269,1.3K
"onion person
@CantEverDie
·
Aug 23, 2024",2024-08-23T01:57:22.000Z,watching democrats heavily lean into talking about crime and being pro police and border control rhetoric me with rage brighter than the sun it’s going to consume me,81,936,9.1K
"Black Lives Matter (BLM)
@Blklivesmatter
·
Aug 23, 2024",2024-08-23T07:00:28.000Z,Or a Palestinian could have talked about their community’s suffering.,23,82,557
"Black Lives Matter (BLM)
@Blklivesmatter
·
Aug 23, 2024",2024-08-23T06:56:59.000Z,We weren’t either. https://t.co/qy38mMx0mz,1,,41
"Black Lives Matter (BLM)
@Blklivesmatter
·
Aug 23, 2024",2024-08-23T06:20:28.000Z,they had a sheriff on stage talking about the 2020 uprisings,14,13,74
"Black Lives Matter (BLM)
@Blklivesmatter
·
Aug 23, 2024",2024-08-22T21:04:46.000Z,"This is the speech that Palestinian-American Representative Ruwa Romman wanted to give at the DNC convention, but 
@TheDemocrats
, led by 
@KamalaHarris
, are refusing to allow it.

We appreciate her powerful nod to Mama Fannie Lou Hamer: ‘Remember Fannie Lou Hamer—shunned for her",2,11,47
"Dr. Allison Wiltz
@queenie4rmnola
·
Aug 17, 2024",2024-08-17T15:44:39.000Z,"Black people do not have to respectfully disagree with racists. We can disrespectfully disagree, too",574,4.5K,19K
"Black Lives Matter (BLM)
@Blklivesmatter
·
Aug 22, 2024",2024-08-22T10:49:32.000Z,not you finding random Black people and calling them obamas neighbors ,25,14,94
"Christopher C. Cuomo
@ChrisCuomo
·
Aug 22, 2024",2024-08-22T02:05:55.000Z,There is a reality at the DNC that is the same as the RNC. And what makes the parties the same should worry you the most and must change.,1.5K,3.8K,13K
"Mohammed Khader
@MohammedKhaderr
·
Aug 22, 2024",2024-08-22T05:03:04.000Z,"I am Black Mississippian and a Palestinian. My grandfather’s brother contributed to the movement for civil rights, which led to 1964. I’m contributing to the movement for Palestinian rights, which led to 2024.

The DNC continues to exclude voices that must be centered and heard. https://t.co/NyWHRLzQk8",,1.7K,7.7K
"Black Lives Matter (BLM)
@Blklivesmatter
·
Aug 20, 2024",2024-08-20T06:34:10.000Z,Shirley Chisholm ,3,18,59
"Black Lives Matter (BLM)
@Blklivesmatter
·
Aug 20, 2024",2024-08-20T06:24:30.000Z,Your website does not have a policy page.,21,9,77
"Black Lives Matter (BLM)
@Blklivesmatter
·
Aug 20, 2024",2024-08-20T05:15:50.000Z,"Thank you, 
@JasmineForUS
, for keeping Breonna Taylor’s name alive tonight. By remembering her, you reminded the world that her life was precious, and we won’t rest until the police are stripped of their power to take our loved ones from us.

#SayHerName",8,28,128
"Black Lives Matter (BLM)
@Blklivesmatter
·
Aug 20, 2024",2024-08-20T05:28:26.000Z,Black Bright Breathtaking Blazing Beacon,4,7,42
"Alex Cole
@acnewsitics
·
Aug 20, 2024",2024-08-20T03:29:52.000Z,"Biden embraced his daughter after her speech introducing him.

Trump ignored his.",1.6K,7.9K,35K
"Black Lives Matter (BLM)
@Blklivesmatter
·
Aug 20, 2024",2024-08-20T04:42:08.000Z,one of the comments said Madame Back Stabber ,7,7,56
"Black Lives Matter (BLM)
@Blklivesmatter
·
Aug 20, 2024",2024-08-20T04:05:35.000Z,Palestinians have the right to freedom and self-determination.,235,142,588
"Uncommitted National Movement
@uncommittedmvmt
·
Aug 20, 2024",2024-08-19T21:59:09.000Z,"“We want to be proud of this party — we want to see Kamala Harris turn the page. We want to be excited, and we want to be knocking on those doors. So please, help us help you.” - Ceasefire Delegate 
@Lilian4StateRep
.",54,243,746
"Nicole Shanahan
@NicoleShanahan
·
Aug 20, 2024",2024-08-19T21:00:04.000Z,"Once you push through the fear of being “canceled” and realize that you are fully capable of standing up and defending a thoughtful position, finding inner peace becomes much easier.",86,306,2.2K
"Legal Defense Fund
@NAACP_LDF
·
Aug 15, 2024",2024-08-15T13:42:05.000Z,"Black farmers have long faced systemic discrimination by public and private institutions and barriers to economic mobility. 

Our FAQ explores the history of Black farmers and current efforts to support them.  
https://naacpldf.org/case-issue/black-farmers-faq/…",9,104,191
"Black Lives Matter (BLM)
@Blklivesmatter
·
Aug 15, 2024",2024-08-15T15:15:11.000Z,Code switching ,7,11,39
"Black Lives Matter (BLM)
@Blklivesmatter
·
Aug 15, 2024",2024-08-15T05:56:17.000Z,Antisemitism has no place in our collective struggle for liberation.,12,17,75
"Greg Carr
@AfricanaCarr
·
Aug 14, 2024",2024-08-14T12:30:43.000Z,"Let’s be clear: The White Nationalist Party’s major strategy for “winning” November’s US Presidential election is founded in voter suppression.  

Check your voter registration.
Check your voter registration.
Check your voter registration.

Ignore polls and pundits. 

Check.",72,740,1.2K
"Don’t Boo…Revolt!
@BreeNewsome
·
Aug 14, 2024",2024-08-14T18:26:31.000Z,"The “defund police, refund communities” issue framing is so relevant & potent right now that the establishment won’t even risk using it as a pre-fabricated excuse for any possible electoral losses lol",11,66,278
"Black Lives Matter (BLM)
@Blklivesmatter
·
Aug 14, 2024",2024-08-14T20:20:23.000Z,We are proud of you!,2,5,39
"Black Lives Matter (BLM)
@Blklivesmatter
·
Aug 14, 2024",2024-08-14T20:19:17.000Z,Ain’t no wayyy ,1,7,65
"Black Lives Matter (BLM)
@Blklivesmatter
·
Aug 14, 2024",2024-08-14T15:55:07.000Z,"We commemorate Black August by fasting, studying, training, and reflecting on the sacrifices made by our ancestors— especially in the prison system.",8,5,27
"Isaac Hayes III
@IsaacHayes3
·
Aug 13, 2024",2024-08-13T13:28:09.000Z,"It took 56 years to regain ownership of my father’s musical compositions and now they’re being violated by 
@realDonaldTrump
 as soon as they’ve been reacquired. 

I’m passionate about ownership of intellectual property and content for all people. The infringement will stop. Live",1.7K,4.2K,18K
"Black Lives Matter (BLM)
@Blklivesmatter
·
Aug 12, 2024",2024-08-12T17:42:18.000Z,"Our sister in the movement, 
@IlhanMN
, must be safeguarded from the undemocratic pressures exerted by lobbying groups representing a foreign government.",13,34,127
"Velena Jones
@velenajones
·
Aug 12, 2024",2024-08-12T15:17:02.000Z,"Big announcement from the Oakland Roots coming today. According, to the city of Oakland, The Roots will play their next season at the Coliseum. This will help keep coliseum workers employed after the A’s leave. Press conference will happen later this morning. 
@nbcbayarea",14,123,662
"The Madwoman in the Classroom
@heymrsbond
·
Aug 10, 2024",2024-08-10T12:14:01.000Z,"Let’s clear this up:

People critical of Kamala Harris aren’t telling you not to vote for her.

We’re asking that you help hold her accountable for folks who are routinely and systemically left behind by both parties.",85,552,2.2K
"Eman Abdelhadi
@emanabdelhadi
·
Aug 10, 2024",2024-08-10T15:55:58.000Z,My community was harassed regularly by the FBI growing up. They showed up at our mosque and to our homes. They played our phone calls back to us with questions.  Being harassed by the state was part of why abolition made intuitive sense to me even as a teenager.,29,624,3K
"Black Lives Matter (BLM)
@Blklivesmatter
·
Aug 10, 2024",2024-08-10T01:01:55.000Z,"And so the “tough on crime” messaging begins! 

At least now we know that Donald Trump and Kamala Harris are on the same page when it comes to the border.",76,36,144
"Black Lives Matter (BLM)
@Blklivesmatter
·
Aug 11, 2024",2024-08-11T03:01:04.000Z,No other Democratic nominee has taken a position this tough on border security since Bill Clinton.,14,4,20
"Jo |
@vibewithjo
·
Aug 9, 2024",2024-08-09T18:42:49.000Z,"Black Americans in your 30s and 40s, it’s time for YOU to start helping and/or heading your fams FAMILY REUNIONS!!!! (I’m talking to myself too).",77,486,1.3K
"Qasim Rashid, Esq.
@QasimRashid
·
Aug 10, 2024",2024-08-10T19:52:01.000Z,"Olympics are stripping Jordan Chiles of her bronze b/c the judges messed up, she corrected them, they agreed—but b/c she didn't correct them fast enough, she loses her bronze.

Anyway here's an unrelated study on how Black people need to be twice as good:",18,674,1.6K
"Black Lives Matter (BLM)
@Blklivesmatter
·
Aug 10, 2024",2024-08-09T23:01:31.000Z,"Less than 10 hours after we launched our campaign amplifying Sonya Massey’s family’s demands, 
@Sang_Sheriff
 Jack Campbell has resigned.

We will continue uplifting the Massey family’s demands for accountability.

#BlackLivesMatter",9,46,157
"Black Lives Matter (BLM)
@Blklivesmatter
·
Aug 8, 2024",2024-08-08T00:17:59.000Z,"We love you to the moon and back, 
@CoriBush
.",8,14,88
"Black Lives Matter (BLM)
@Blklivesmatter
·
Aug 7, 2024",2024-08-07T18:43:27.000Z,"We are working to create a world where liberation champions like our dear sister Cori Bush—a believer in Black life—can lead our movements in the halls of power with sustained support.

We envision a world where Black politicians remain unwavering, free from the influence of",9,5,41
"Black Lives Matter (BLM)
@Blklivesmatter
·
Aug 6, 2024",2024-08-06T05:50:24.000Z,St. Louis is not for sale.,193,99,536
"BlackHistoryStudies
@BlkHistStudies
·
Aug 5, 2024",2024-08-05T07:10:13.000Z,"August 5th is the one year anniversary of #FadeInTheWater      

#Montgomery #Riverboat #August5th #BlackAmerica #FadeInTheWater #foldingchair",352,6.7K,22K
"Artists of Colour
@artistsofcolour
·
Aug 6, 2024",2024-08-06T03:58:01.000Z,"FUTURE TENNIS, Sheena Rose, 2024",,62,270
"Black Lives Matter (BLM)
@Blklivesmatter
·
Aug 6, 2024",2024-08-06T01:57:25.000Z,"We're sick to our stomachs about 
@AIPAC
 spending $8 million to try and oust the first Black Lives Matter activist member of Congress, Cori Bush.

St. Louis, make sure to vote tomorrow!",126,257,994
"Dr. Lucky Tran
@luckytran
·
Aug 6, 2024",2024-08-05T23:41:05.000Z,"It's official: Mask ban in Nassau County, New York passes along party lines, 12-0 (7 abstentions). It makes wearing a mask a misdemeanor (with unclear health and religious exceptions) and gives police the power to fine people wearing a mask $1,000 and sentence them to jail time.",2.9K,10K,15K
"NYCLU (Find us on Bluesky)
@NYCLU
·
Aug 6, 2024",2024-08-06T00:13:08.000Z,"BREAKING: The Nassau County legislature has passed a mask ban.

Here's what you need to know about the bill and your rights:",129,1.7K,3.7K
"Black Lives Matter (BLM)
@Blklivesmatter
·
Aug 6, 2024",2024-08-06T00:11:07.000Z,"Thank you, 
@thomaschattwill
, for taking our concerns seriously. Read his latest:

IDENTITY POLITICS LOSES ITS POWER:

Black Lives Matter’s statement on Kamala Harris signals a major shift. Will the Democratic Party take note?",16,18,75
"Black Lives Matter (BLM)
@Blklivesmatter
·
Aug 3, 2024",2024-08-03T14:57:06.000Z,#WhenITurnedBlack ,23,27,100
"Black Lives Matter (BLM)
@Blklivesmatter
·
Jul 31, 2024",2024-07-30T23:23:28.000Z,"We are deeply sorry for your loss. May his memory be a blessing to all who knew and loved him. 

Our prayers are with you during this difficult time.",9,5,68
"New York City Council
@NYCCouncil
·
Jul 30, 2024",2024-07-30T20:05:17.000Z,"Mayor Adams and his administration today continued to argue that solitary confinement has not occurred in New York City jails since 2019.  
 
That is in stark contrast to reality.

New Yorkers like Brandon Rodriguez, Elijah Muhammad and Erick Tavira have lost their lives and",20,44,82
"Black Lives Matter (BLM)
@Blklivesmatter
·
Jul 31, 2024",2024-07-30T23:16:14.000Z,This is horrifying and deserves our attention.,1,6,20
"Black Lives Matter (BLM)
@Blklivesmatter
·
Jul 30, 2024",2024-07-30T13:03:26.000Z,ALL POWER TO THE PEOPLE,13,18,63
"Black Lives Matter (BLM)
@Blklivesmatter
·
Jul 30, 2024",2024-07-30T06:18:15.000Z,Don’t unwittingly become a puppet for Russia’s misinformation and disinformation propaganda in this election cycle.,23,9,53
"Black Lives Matter (BLM)
@Blklivesmatter
·
Jul 29, 2024",2024-07-29T17:12:55.000Z,"Black women in the UK are four times more likely to die during childbirth than white women. 

For non-English speakers, the risk is 25 times higher. 

Addressing this systemic issue requires policy interventions (like increased NHS funding), better cross-service collaboration,",15,10,46
"Isaiah Martin
@isaiahrmartin
·
Jul 29, 2024",2024-07-29T15:00:33.000Z,"Rest easy Congresswoman, we love you ",881,2.5K,21K
"Black Lives Matter (BLM)
@Blklivesmatter
·
Jul 29, 2024",2024-07-29T13:45:14.000Z,"Thank you for this acknowledgment. 

Abolition is about courageous conversations, even with people or about ideas we don’t see eye to eye on.  https://x.com/DadDuty1/statu/DadDuty1/status/1817911163633508673…",7,4,41
"Black Lives Matter (BLM)
@Blklivesmatter
·
Jul 29, 2024",2024-07-29T13:22:34.000Z,"Reminder:

The Israeli Defense Forces (IDF) train American police officers.

The Department of Justice funnels hundreds of millions in taxpayer dollars into police training programs every year, including collaborations with the IDF.

This is why police officers treat us like",32,138,230
"Black Lives Matter (BLM)
@Blklivesmatter
·
Jul 29, 2024",2024-07-29T12:07:37.000Z,"Let’s see if we have this correct:

A leader of another country—
@netanyahu
—was invited to our Capitol, called our #FreePalestine protesters (our own citizens) ‘useful idiots,’ and received a standing ovation from our members of Congress—the ones we put in power.

Make it make",32,24,107
"Black Lives Matter (BLM)
@Blklivesmatter
·
Jul 29, 2024",2024-07-29T11:45:03.000Z,"In NYC, a law banning the use of solitary confinement was supposed to go into effect yesterday. 

But 
@NYCMayor
 decided to bypass this through undemocratic maneuvers, suspending crucial parts of the law under an ‘emergency order.’ 

This is not okay.",4,33,49
"Black Lives Matter (BLM)
@Blklivesmatter
·
Jul 28, 2024",2024-07-28T03:16:54.000Z,not if we have anything to do about it,87,51,144
"Black Lives Matter (BLM)
@Blklivesmatter
·
Jul 28, 2024",2024-07-28T02:47:09.000Z,Sunday night ,7,14,173
"deray
@deray
·
Jul 28, 2024",2024-07-27T23:25:08.000Z,Be kind. You never know what people are going thru. Every day matters. It all matters.,7,123,554
"Black Lives Matter (BLM)
@Blklivesmatter
·
Jul 27, 2024",2024-07-27T05:52:27.000Z,"A of #JusticeForSonya Rallies (thanks to our family @ Until Freedom for compiling) 

RT and spread the word.",15,51,74
"Black Lives Matter (BLM)
@Blklivesmatter
·
Jul 27, 2024",2024-07-27T06:05:10.000Z,"Cleveland, Ohio",4,3,30
"Black Lives Matter (BLM)
@Blklivesmatter
·
Jul 27, 2024",2024-07-27T06:06:10.000Z,"St. Louis, MO",4,8,43
